Merk,Domein,Laatste scan
nan,wenz.xn--fiqs8s,nan
nan,wenz.xn--ngbrx,nan
nan,wenz.xn--node,nan
nan,wenz.xyz,nan
nan,wereldcentrum.be,nan
nan,wereldcentrum.ph,nan
nan,wereldcentrum.vg,nan
nan,wereldcentrum.ws,nan
nan,wereldcentrum.xn--fiqs8s,nan
nan,wereldcentrum.xn--ngbrx,nan
nan,wereldcentrum.xn--node,nan
nan,wereldcentrum.xn--fiqz9s,nan
nan,wereldwijs.be,nan
nan,wereldwijs.com,nan
nan,wereldwijs.eu,nan
nan,wereldwijs.nu,nan
nan,wereldwijs.ph,nan
nan,wereldwijs.vg,nan
nan,wereldwijs.vlaanderen,nan
nan,wereldwijs.ws,nan
nan,wereldwijs.xn--fiqz9s,nan
nan,wereldwijs.xn--fiqs8s,nan
nan,wereldwijs.xn--ngbrx,nan
nan,wereldwijs.xn--node,nan
nan,wereldwijsweek.be,nan
nan,wereldwijsweek.ph,nan
nan,wereldwijsweek.vg,nan
nan,wereldwijsweek.ws,nan
nan,wereldwijsweek.xn--fiqz9s,nan
nan,wereldwijsweek.xn--ngbrx,nan
nan,wereldwijsweek.xn--node,nan
nan,wereldwijsweek.xn--fiqs8s,nan
nan,werkenbijdebrandweer.be,nan
nan,werkenbijdebrandweer.nl,nan
nan,werkenbijdebrandweer.ph,nan
nan,werkenbijdebrandweer.vg,nan
nan,werkenbijdebrandweer.ws,nan
nan,werkenbijdebrandweer.xn--fiqs8s,nan
nan,werkenbijdebrandweer.xn--node,nan
nan,werkenbijdebrandweer.xn--ngbrx,nan
nan,werkenbijdebrandweer.xn--fiqz9s,nan
nan,werkendleren.com,nan
nan,werkendleren.cw,nan
nan,werkendleren.nl,nan
nan,werkendleren.online,nan
nan,werkendleren.ph,nan
nan,werkendleren.vg,nan
nan,werkendleren.ws,nan
nan,werkendleren.xn--fiqz9s,nan
nan,werkendleren.xn--node,nan
nan,werkendleren.xn--ngbrx,nan
nan,werkendleren.xn--fiqs8s,nan
nan,werken.ai,nan
nan,werken.amsterdam,nan
nan,werken.app,nan
nan,werken.at,nan
nan,werken.be,nan
nan,werken.brussels,nan
nan,werken.ca,nan
nan,werken.ch,nan
nan,werken.cl,nan
nan,werken.cz,nan
nan,werken.de,nan
nan,werken.dev,nan
nan,werken.eu,nan
nan,werken.es,nan
nan,werken.fm,nan
nan,werken.fr,nan
nan,werken.frl,nan
nan,werken.haus,nan
nan,werken.info,nan
nan,werken.jp,nan
nan,werken.me,nan
nan,werken.mx,nan
nan,werken.nl,nan
nan,werken.nu,nan
nan,werken.online,nan
nan,werken.org,nan
nan,werken.ph,nan
nan,werken.ru,nan
nan,werken.se,nan
nan,werken.shop,nan
nan,werken.space,nan
nan,werken.us,nan
nan,werken.vg,nan
nan,werken.vlaanderen,nan
nan,werken.world,nan
nan,werken.ws,nan
nan,werken.xn--fiqs8s,nan
nan,werken.xn--fiqz9s,nan
nan,werken.xn--ngbrx,nan
nan,werken.xn--node,nan
nan,werken.xyz,nan
nan,werkenindejeugdhulp.be,nan
nan,werkenindejeugdhulp.ph,nan
nan,werkenindejeugdhulp.vg,nan
nan,werkenindejeugdhulp.ws,nan
nan,werkenindejeugdhulp.xn--fiqz9s,nan
nan,werkenindejeugdhulp.xn--node,nan
nan,werkenindejeugdhulp.xn--ngbrx,nan
nan,werkenindejeugdhulp.xn--fiqs8s,nan
nan,werkenineenleefgroep.be,nan
nan,werkenineenleefgroep.ph,nan
nan,werkenineenleefgroep.vg,nan
nan,werkenineenleefgroep.ws,nan
nan,werkenineenleefgroep.xn--fiqs8s,nan
nan,werkenineenleefgroep.xn--fiqz9s,nan
nan,werkenineenleefgroep.xn--ngbrx,nan
nan,werkenineenleefgroep.xn--node,nan
nan,werkenmetleerexperten.be,nan
nan,werkenmetleerexperten.ph,nan
nan,werkenmetleerexperten.vg,nan
nan,werkenmetleerexperten.ws,nan
nan,werkenmetleerexperten.xn--fiqz9s,nan
nan,werkenmetleerexperten.xn--fiqs8s,nan
nan,werkenmetleerexperten.xn--ngbrx,nan
nan,werkenmetleerexperten.xn--node,nan
nan,werkenvoormaastricht.nl,nan
nan,werkenvoormaastricht.ph,nan
nan,werkenvoormaastricht.vg,nan
nan,werkenvoormaastricht.ws,nan
nan,werkenvoormaastricht.xn--fiqs8s,nan
nan,werkenvoormaastricht.xn--ngbrx,nan
nan,werkenvoormaastricht.xn--node,nan
nan,werkenvoormaastricht.xn--fiqz9s,nan
nan,werkervaringsprojecten.nl,nan
nan,werkervaringsprojecten.ph,nan
nan,werkervaringsprojecten.vg,nan
nan,werkervaringsprojecten.ws,nan
nan,werkervaringsprojecten.xn--fiqs8s,nan
nan,werkervaringsprojecten.xn--ngbrx,nan
nan,werkervaringsprojecten.xn--node,nan
nan,werkervaringsprojecten.xn--fiqz9s,nan
nan,werkvennootschap.ph,nan
nan,werkvennootschap.vg,nan
nan,werkvennootschap.ws,nan
nan,werkvennootschap.xn--fiqz9s,nan
nan,werkvennootschap.xn--ngbrx,nan
nan,werkvennootschap.xn--node,nan
nan,werkvennootschap.xn--fiqs8s,nan
nan,wervik.be,nan
nan,wervik.com,nan
nan,wervik.eu,nan
nan,wervik.ph,nan
nan,wervik.vg,nan
nan,wervik.ws,nan
nan,wervik.xn--fiqs8s,nan
nan,wervik.xn--ngbrx,nan
nan,wervik.xn--node,nan
nan,wervik.xn--fiqz9s,nan
nan,westerhem.be,nan
nan,westerhem.ph,nan
nan,westerhem.se,nan
nan,westerhem.vg,nan
nan,westerhem.ws,nan
nan,westerhem.xn--fiqs8s,nan
nan,westerhem.xn--fiqz9s,nan
nan,westerhem.xn--node,nan
nan,westerhem.xn--ngbrx,nan
nan,westerlo.be,nan
nan,westerlo.com,nan
nan,westerlo.fans,nan
nan,westerlo.info,nan
nan,westerlo.nl,nan
nan,westerlo.ph,nan
nan,westerlo.vg,nan
nan,westerlo.ws,nan
nan,westerlo.xn--fiqs8s,nan
nan,westerlo.xn--node,nan
nan,westerlo.xn--ngbrx,nan
nan,westerlo.xn--fiqz9s,nan
nan,westvlaamsehart.be,nan
nan,westvlaamsehart.ph,nan
nan,westvlaamsehart.vg,nan
nan,westvlaamsehart.ws,nan
nan,westvlaamsehart.xn--fiqs8s,nan
nan,westvlaamsehart.xn--fiqz9s,nan
nan,westvlaamsehart.xn--ngbrx,nan
nan,westvlaamsehart.xn--node,nan
nan,west-vlaamse-intercommunale.ph,nan
nan,west-vlaamse-intercommunale.vg,nan
nan,west-vlaamse-intercommunale.ws,nan
nan,west-vlaamse-intercommunale.xn--fiqz9s,nan
nan,west-vlaamse-intercommunale.xn--fiqs8s,nan
nan,west-vlaamse-intercommunale.xn--ngbrx,nan
nan,west-vlaamse-intercommunale.xn--node,nan
nan,west-vlaanderen.be,nan
nan,west-vlaanderen.com,nan
nan,west-vlaanderen.dev,nan
nan,west-vlaanderen.eu,nan
nan,west-vlaanderen.net,nan
nan,west-vlaanderen.ph,nan
nan,west-vlaanderen.tv,nan
nan,west-vlaanderen.vg,nan
nan,west-vlaanderen.work,nan
nan,west-vlaanderen.ws,nan
nan,west-vlaanderen.xn--fiqs8s,nan
nan,west-vlaanderen.xn--fiqz9s,nan
nan,west-vlaanderen.xn--ngbrx,nan
nan,west-vlaanderen.xn--node,nan
nan,wetakecare.ai,nan
nan,wetakecare.at,nan
nan,wetakecare.be,nan
nan,wetakecare.ca,nan
nan,wetakecare.ch,nan
nan,wetakecare.co,nan
nan,wetakecare.com,nan
nan,wetakecare.de,nan
nan,wetakecare.es,nan
nan,wetakecare.eu,nan
nan,wetakecare.fr,nan
nan,wetakecare.in,nan
nan,wetakecare.it,nan
nan,wetakecare.life,nan
nan,wetakecare.lu,nan
nan,wetakecare.me,nan
nan,wetakecare.miami,nan
nan,wetakecare.nl,nan
nan,wetakecare.no,nan
nan,wetakecare.org,nan
nan,wetakecare.ph,nan
nan,wetakecare.ro,nan
nan,wetakecare.se,nan
nan,wetakecare.sk,nan
nan,wetakecare.store,nan
nan,wetakecare.today,nan
nan,wetakecare.us,nan
nan,wetakecare.vg,nan
nan,wetakecare.ws,nan
nan,wetakecare.xn--fiqz9s,nan
nan,wetakecare.xn--fiqs8s,nan
nan,wetakecare.xn--ngbrx,nan
nan,wetakecare.xn--node,nan
nan,wetakecare.xyz,nan
nan,wetenschatten.be,nan
nan,wetenschatten.ph,nan
nan,wetenschatten.vg,nan
nan,wetenschatten.ws,nan
nan,wetenschatten.xn--fiqz9s,nan
nan,wetenschatten.xn--node,nan
nan,wetenschatten.xn--ngbrx,nan
nan,wetenschatten.xn--fiqs8s,nan
nan,wetteren.be,nan
nan,wetteren.com,nan
nan,wetteren.de,nan
nan,wetteren.ph,nan
nan,wetteren.vg,nan
nan,wetteren.ws,nan
nan,wetteren.xn--fiqs8s,nan
nan,wetteren.xn--fiqz9s,nan
nan,wetteren.xn--ngbrx,nan
nan,wetteren.xn--node,nan
nan,wevelgem.be,nan
nan,wevelgem.city,nan
nan,wevelgem.com,nan
nan,wevelgem.eu,nan
nan,wevelgem.ph,nan
nan,wevelgem.vg,nan
nan,wevelgem.vlaanderen,nan
nan,wevelgem.ws,nan
nan,wevelgem.xn--fiqs8s,nan
nan,wevelgem.xn--fiqz9s,nan
nan,wevelgem.xn--ngbrx,nan
nan,wevelgem.xn--node,nan
nan,wezembeek-oppem.be,nan
nan,wezembeek-oppem.com,nan
nan,wezembeek-oppem.info,nan
nan,wezembeek-oppem.net,nan
nan,wezembeek-oppem.org,nan
nan,wezembeek-oppem.ph,nan
nan,wezembeek-oppem.vg,nan
nan,wezembeek-oppem.ws,nan
nan,wezembeek-oppem.xn--fiqz9s,nan
nan,wezembeek-oppem.xn--fiqs8s,nan
nan,wezembeek-oppem.xn--ngbrx,nan
nan,wezembeek-oppem.xn--node,nan
nan,wichelen.be,nan
nan,wichelen.com,nan
nan,wichelen.de,nan
nan,wichelen.immo,nan
nan,wichelen.ph,nan
nan,wichelen.vg,nan
nan,wichelen.vlaanderen,nan
nan,wichelen.ws,nan
nan,wichelen.xn--fiqs8s,nan
nan,wichelen.xn--fiqz9s,nan
nan,wichelen.xn--ngbrx,nan
nan,wichelen.xn--node,nan
nan,wielsbeke.be,nan
nan,wielsbeke.ph,nan
nan,wielsbeke.vg,nan
nan,wielsbeke.ws,nan
nan,wielsbeke.xn--fiqs8s,nan
nan,wielsbeke.xn--node,nan
nan,wielsbeke.xn--ngbrx,nan
nan,wielsbeke.xn--fiqz9s,nan
nan,wijabb.be,nan
nan,wijabb.ph,nan
nan,wijabb.vg,nan
nan,wijabb.ws,nan
nan,wijabb.xn--fiqs8s,nan
nan,wijabb.xn--fiqz9s,nan
nan,wijabb.xn--ngbrx,nan
nan,wijabb.xn--node,nan
nan,wijkbudget.gent,nan
nan,wijkbudget.nl,nan
nan,wijkbudget.ph,nan
nan,wijkbudget.vg,nan
nan,wijkbudget.ws,nan
nan,wijkbudget.xn--node,nan
nan,wijkbudget.xn--ngbrx,nan
nan,wijkbudget.xn--fiqs8s,nan
nan,wijkbudget.xn--fiqz9s,nan
nan,wijleveren.be,nan
nan,wijleveren.nl,nan
nan,wijleveren.online,nan
nan,wijleveren.ph,nan
nan,wijleveren.vg,nan
nan,wijleveren.ws,nan
nan,wijleveren.xn--fiqs8s,nan
nan,wijleveren.xn--fiqz9s,nan
nan,wijleveren.xn--node,nan
nan,wijleveren.xn--ngbrx,nan
nan,wijnegem.be,nan
nan,wijnegem.nl,nan
nan,wijnegem.ph,nan
nan,wijnegem.shopping,nan
nan,wijnegem.vg,nan
nan,wijnegem.ws,nan
nan,wijnegem.xn--ngbrx,nan
nan,wijnegem.xn--node,nan
nan,wijnegem.xn--fiqz9s,nan
nan,wijnegem.xn--fiqs8s,nan
nan,wijngaard.be,nan
nan,wijngaard.church,nan
nan,wijngaard.com,nan
nan,wijngaard.de,nan
nan,wijngaard.dk,nan
nan,wijngaard.eu,nan
nan,wijngaard.info,nan
nan,wijngaard.net,nan
nan,wijngaard.org,nan
nan,wijngaard.ph,nan
nan,wijngaard.vg,nan
nan,wijngaard.ws,nan
nan,wijngaard.xn--fiqs8s,nan
nan,wijngaard.xn--fiqz9s,nan
nan,wijngaard.xn--ngbrx,nan
nan,wijngaard.xn--node,nan
nan,wijngaardsintpietersabdij.ph,nan
nan,wijngaardsintpietersabdij.vg,nan
nan,wijngaardsintpietersabdij.ws,nan
nan,wijngaardsintpietersabdij.xn--fiqs8s,nan
nan,wijngaardsintpietersabdij.xn--fiqz9s,nan
nan,wijngaardsintpietersabdij.xn--ngbrx,nan
nan,wijngaardsintpietersabdij.xn--node,nan
nan,wijseuropa.gent,nan
nan,wijseuropa.ph,nan
nan,wijseuropa.vg,nan
nan,wijseuropa.ws,nan
nan,wijseuropa.xn--fiqz9s,nan
nan,wijseuropa.xn--fiqs8s,nan
nan,wijseuropa.xn--ngbrx,nan
nan,wijseuropa.xn--node,nan
nan,wijzeweters.gent,nan
nan,wijzeweters.ph,nan
nan,wijzeweters.vg,nan
nan,wijzeweters.ws,nan
nan,wijzeweters.xn--fiqz9s,nan
nan,wijzeweters.xn--fiqs8s,nan
nan,wijzeweters.xn--ngbrx,nan
nan,wijzeweters.xn--node,nan
nan,wildinzicht.be,nan
nan,wildinzicht.ph,nan
nan,wildinzicht.vg,nan
nan,wildinzicht.ws,nan
nan,wildinzicht.xn--fiqz9s,nan
nan,wildinzicht.xn--ngbrx,nan
nan,wildinzicht.xn--node,nan
nan,wildinzicht.xn--fiqs8s,nan
nan,willebroek.be,nan
nan,willebroek.de,nan
nan,willebroek.info,nan
nan,willebroek.ph,nan
nan,willebroek.taxi,nan
nan,willebroek.vg,nan
nan,willebroek.ws,nan
nan,willebroek.xn--fiqs8s,nan
nan,willebroek.xn--ngbrx,nan
nan,willebroek.xn--node,nan
nan,willebroek.xn--fiqz9s,nan
nan,willemtell.be,nan
nan,willemtell.com,nan
nan,willemtell.de,nan
nan,willemtell.eu,nan
nan,willemtell.net,nan
nan,willemtell.nl,nan
nan,willemtell.ph,nan
nan,willemtell.vg,nan
nan,willemtell.ws,nan
nan,willemtell.xn--fiqs8s,nan
nan,willemtell.xn--ngbrx,nan
nan,willemtell.xn--node,nan
nan,willemtell.xn--fiqz9s,nan
nan,wilrijkaanzet.be,nan
nan,wilrijkaanzet.ph,nan
nan,wilrijkaanzet.vg,nan
nan,wilrijkaanzet.ws,nan
nan,wilrijkaanzet.xn--fiqs8s,nan
nan,wilrijkaanzet.xn--fiqz9s,nan
nan,wilrijkaanzet.xn--ngbrx,nan
nan,wilrijkaanzet.xn--node,nan
nan,wilrijk.be,nan
nan,wilrijk.com,nan
nan,wilrijk.nl,nan
nan,wilrijk.ph,nan
nan,wilrijk.vg,nan
nan,wilrijk.vlaanderen,nan
nan,wilrijk.ws,nan
nan,wilrijk.xn--fiqs8s,nan
nan,wilrijk.xn--fiqz9s,nan
nan,wilrijk.xn--node,nan
nan,wilrijk.xn--ngbrx,nan
nan,windaandestroom.be,nan
nan,windaandestroom.ph,nan
nan,windaandestroom.vg,nan
nan,windaandestroom.ws,nan
nan,windaandestroom.xn--fiqz9s,nan
nan,windaandestroom.xn--node,nan
nan,windaandestroom.xn--ngbrx,nan
nan,windaandestroom.xn--fiqs8s,nan
nan,wingene.be,nan
nan,wingene.ca,nan
nan,wingene.com,nan
nan,wingene.cn,nan
nan,wingene.eu,nan
nan,wingene.games,nan
nan,wingene.net,nan
nan,wingene.ph,nan
nan,wingene.ru,nan
nan,wingene.site,nan
nan,wingene.vg,nan
nan,wingene.vlaanderen,nan
nan,wingene.ws,nan
nan,wingene.xn--fiqz9s,nan
nan,wingene.xn--fiqs8s,nan
nan,wingene.xn--ngbrx,nan
nan,wingene.xn--node,nan
nan,wisa.ai,nan
nan,wisa.at,nan
nan,wisa.ar,nan
nan,wisa.au,nan
nan,wisa.be,nan
nan,wisa.blog,nan
nan,wisa.ca,nan
nan,wisa.ch,nan
nan,wisa.cc,nan
nan,wisa.de,nan
nan,wisa.doctor,nan
nan,wisa.email,nan
nan,wisa.es,nan
nan,wisa.fr,nan
nan,wisa.group,nan
nan,wisa.health,nan
nan,wisa.hm,nan
nan,wisa.in,nan
nan,wisa.info,nan
nan,wisa.io,nan
nan,wisa.it,nan
nan,wisa.jp,nan
nan,wisa.kr,nan
nan,wisa.me,nan
nan,wisa.net,nan
nan,wisa.nl,nan
nan,wisa.no,nan
nan,wisa.online,nan
nan,wisa.org,nan
nan,wisa.pe,nan
nan,wisa.ph,nan
nan,wisa.pro,nan
nan,wisa.ru,nan
nan,wisa.scot,nan
nan,wisa.se,nan
nan,wisa.sk,nan
nan,wisa.studio,nan
nan,wisa.su,nan
nan,wisa.tirol,nan
nan,wisa.tr,nan
nan,wisa.uk,nan
nan,wisa.us,nan
nan,wisa.vg,nan
nan,wisa.ws,nan
nan,wisa.xn--fiqs8s,nan
nan,wisa.xn--ngbrx,nan
nan,wisa.xn--node,nan
nan,wisa.xn--fiqz9s,nan
nan,wock.ai,nan
nan,wock.app,nan
nan,wock.ca,nan
nan,wock.ch,nan
nan,wock.club,nan
nan,wock.com,nan
nan,wock.cn,nan
nan,wock.cz,nan
nan,wock.de,nan
nan,wock.dk,nan
nan,wock.es,nan
nan,wock.eu,nan
nan,wock.fr,nan
nan,wock.fun,nan
nan,wock.hu,nan
nan,wock.ink,nan
nan,wock.io,nan
nan,wock.it,nan
nan,wock.kr,nan
nan,wock.lol,nan
nan,wock.mx,nan
nan,wock.net,nan
nan,wock.nl,nan
nan,wock.ph,nan
nan,wock.pl,nan
nan,wock.pro,nan
nan,wock.pt,nan
nan,wock.ru,nan
nan,wock.sh,nan
nan,wock.shop,nan
nan,wock.shoes,nan
nan,wock.org,nan
nan,wock.space,nan
nan,wock.store,nan
nan,wock.uk,nan
nan,wock.uy,nan
nan,wock.vg,nan
nan,wock.top,nan
nan,wock.ws,nan
nan,wock.xn--fiqz9s,nan
nan,wock.xn--ngbrx,nan
nan,wock.xn--node,nan
nan,wock.xn--fiqs8s,nan
nan,wock.xyz,nan
nan,wokbrugge.be,nan
nan,wokbrugge.ph,nan
nan,wokbrugge.vg,nan
nan,wokbrugge.ws,nan
nan,wokbrugge.xn--fiqs8s,nan
nan,wokbrugge.xn--fiqz9s,nan
nan,wokbrugge.xn--ngbrx,nan
nan,wokbrugge.xn--node,nan
nan,wommelgem.be,nan
nan,wommelgem.com,nan
nan,wommelgem.ph,nan
nan,wommelgem.vg,nan
nan,wommelgem.ws,nan
nan,wommelgem.xn--fiqs8s,nan
nan,wommelgem.xn--fiqz9s,nan
nan,wommelgem.xn--node,nan
nan,wommelgem.xn--ngbrx,nan
nan,wonen.amsterdam,nan
nan,wonen.berlin,nan
nan,wonen.be,nan
nan,wonen.blog,nan
nan,wonen.brussels,nan
nan,wonen.cn,nan
nan,wonen.co,nan
nan,wonen.com,nan
nan,wonen.de,nan
nan,wonen.discount,nan
nan,wonen.eu,nan
nan,wonen.fr,nan
nan,wonen.frl,nan
nan,wonen.gmbh,nan
nan,wonen.in,nan
nan,wonen.info,nan
nan,wonen.lifestyle,nan
nan,wonen.net,nan
nan,wonen.nl,nan
nan,wonen.nu,nan
nan,wonen.online,nan
nan,wonen.org,nan
nan,wonen.ph,nan
nan,wonen.shop,nan
nan,wonen.site,nan
nan,wonen.tv,nan
nan,wonen.vg,nan
nan,wonen.vlaanderen,nan
nan,wonen.ws,nan
nan,wonen.xn--fiqs8s,nan
nan,wonen.xn--ngbrx,nan
nan,wonen.xn--node,nan
nan,wonen.xn--fiqz9s,nan
nan,wonen-in-vlaanderen.be,nan
nan,wonen-in-vlaanderen.ph,nan
nan,wonen-in-vlaanderen.vg,nan
nan,wonen-in-vlaanderen.ws,nan
nan,wonen-in-vlaanderen.xn--fiqs8s,nan
nan,wonen-in-vlaanderen.xn--fiqz9s,nan
nan,wonen-in-vlaanderen.xn--node,nan
nan,wonen-in-vlaanderen.xn--ngbrx,nan
nan,woneninvlaanderen.ph,nan
nan,woneninvlaanderen.vg,nan
nan,woneninvlaanderen.vlaanderen,nan
nan,woneninvlaanderen.ws,nan
nan,woneninvlaanderen.xn--fiqs8s,nan
nan,woneninvlaanderen.xn--fiqz9s,nan
nan,woneninvlaanderen.xn--ngbrx,nan
nan,woneninvlaanderen.xn--node,nan
nan,wonenleieschelde.be,nan
nan,wonenleieschelde.ph,nan
nan,wonenleieschelde.vg,nan
nan,wonenleieschelde.ws,nan
nan,wonenleieschelde.xn--fiqs8s,nan
nan,wonenleieschelde.xn--ngbrx,nan
nan,wonenleieschelde.xn--node,nan
nan,wonenleieschelde.xn--fiqz9s,nan
nan,wonenlnvlaanderen.be,nan
nan,wonenlnvlaanderen.com,nan
nan,wonenlnvlaanderen.eu,nan
nan,wonenlnvlaanderen.info,nan
nan,wonenlnvlaanderen.ph,nan
nan,wonenlnvlaanderen.vg,nan
nan,wonenlnvlaanderen.ws,nan
nan,wonenlnvlaanderen.xn--fiqz9s,nan
nan,wonenlnvlaanderen.xn--ngbrx,nan
nan,wonenlnvlaanderen.xn--node,nan
nan,wonenlnvlaanderen.xn--fiqs8s,nan
nan,wonenvlaanderen.be,nan
nan,wonenvlaanderen.ph,nan
nan,wonenvlaanderen.vg,nan
nan,wonenvlaanderen.ws,nan
nan,wonenvlaanderen.xn--fiqz9s,nan
nan,wonenvlaanderen.xn--fiqs8s,nan
nan,wonenvlaanderen.xn--ngbrx,nan
nan,wonenvlaanderen.xn--node,nan
nan,woningent.be,nan
nan,woningent.gent,nan
nan,woningent.nl,nan
nan,woningent.ph,nan
nan,woningent.vg,nan
nan,woningent.ws,nan
nan,woningent.xn--fiqs8s,nan
nan,woningent.xn--ngbrx,nan
nan,woningent.xn--node,nan
nan,woningent.xn--fiqz9s,nan
nan,woninghuurdecreet.be,nan
nan,woninghuurdecreet.ph,nan
nan,woninghuurdecreet.vg,nan
nan,woninghuurdecreet.vlaanderen,nan
nan,woninghuurdecreet.ws,nan
nan,woninghuurdecreet.xn--fiqz9s,nan
nan,woninghuurdecreet.xn--node,nan
nan,woninghuurdecreet.xn--ngbrx,nan
nan,woninghuurdecreet.xn--fiqs8s,nan
nan,woninghuurprijzen.be,nan
nan,woninghuurprijzen.ph,nan
nan,woninghuurprijzen.vg,nan
nan,woninghuurprijzen.ws,nan
nan,woninghuurprijzen.xn--fiqs8s,nan
nan,woninghuurprijzen.xn--fiqz9s,nan
nan,woninghuurprijzen.xn--ngbrx,nan
nan,woninghuurprijzen.xn--node,nan
nan,woninghuur.be,nan
nan,woninghuur.nl,nan
nan,woninghuur.ph,nan
nan,woninghuur.vg,nan
nan,woninghuur.vlaanderen,nan
nan,woninghuur.ws,nan
nan,woninghuur.xn--fiqs8s,nan
nan,woninghuur.xn--node,nan
nan,woninghuur.xn--ngbrx,nan
nan,woninghuur.xn--fiqz9s,nan
nan,woningportaal.com,nan
nan,woningportaal.nl,nan
nan,woningportaal.ph,nan
nan,woningportaal.vg,nan
nan,woningportaal.ws,nan
nan,woningportaal.xn--fiqs8s,nan
nan,woningportaal.xn--fiqz9s,nan
nan,woningportaal.xn--ngbrx,nan
nan,woningportaal.xn--node,nan
nan,woonadvies.be,nan
nan,woonadvies.com,nan
nan,woonadvies.nl,nan
nan,woonadvies.ph,nan
nan,woonadvies.vg,nan
nan,woonadvies.ws,nan
nan,woonadvies.xn--fiqz9s,nan
nan,woonadvies.xn--fiqs8s,nan
nan,woonadvies.xn--node,nan
nan,woonadvies.xn--ngbrx,nan
nan,woonbeeld.be,nan
nan,woonbeeld.nl,nan
nan,woonbeeld.ph,nan
nan,woonbeeld.vg,nan
nan,woonbeeld.vlaanderen,nan
nan,woonbeeld.ws,nan
nan,woonbeeld.xn--fiqs8s,nan
nan,woonbeeld.xn--fiqz9s,nan
nan,woonbeeld.xn--ngbrx,nan
nan,woonbeeld.xn--node,nan
nan,woonforum.be,nan
nan,woonforum.com,nan
nan,woonforum.eu,nan
nan,woonforum.ph,nan
nan,woonforum.vg,nan
nan,woonforum.vlaanderen,nan
nan,woonforum.ws,nan
nan,woonforum.xn--fiqs8s,nan
nan,woonforum.xn--ngbrx,nan
nan,woonforum.xn--node,nan
nan,woonforum.xn--fiqz9s,nan
nan,woonhavenantwerpen.be,nan
nan,woonhavenantwerpen.com,nan
nan,woonhavenantwerpen.eu,nan
nan,woonhavenantwerpen.ph,nan
nan,woonhavenantwerpen.vg,nan
nan,woonhavenantwerpen.ws,nan
nan,woonhavenantwerpen.xn--fiqz9s,nan
nan,woonhavenantwerpen.xn--fiqs8s,nan
nan,woonhavenantwerpen.xn--ngbrx,nan
nan,woonhavenantwerpen.xn--node,nan
nan,wooninspectie.be,nan
nan,wooninspectie.nl,nan
nan,wooninspectie.ph,nan
nan,wooninspectie.vg,nan
nan,wooninspectie.ws,nan
nan,wooninspectie.xn--fiqs8s,nan
nan,wooninspectie.xn--fiqz9s,nan
nan,wooninspectie.xn--ngbrx,nan
nan,wooninspectie.xn--node,nan
nan,woonmaatschappijen.be,nan
nan,woonmaatschappijen.ph,nan
nan,woonmaatschappijen.vg,nan
nan,woonmaatschappijen.vlaanderen,nan
nan,woonmaatschappijen.ws,nan
nan,woonmaatschappijen.xn--ngbrx,nan
nan,woonmaatschappijen.xn--node,nan
nan,woonmaatschappijen.xn--fiqz9s,nan
nan,woonmaatschappijen.xn--fiqs8s,nan
nan,woonmaatschappijrivierenland.ph,nan
nan,woonmaatschappijrivierenland.vg,nan
nan,woonmaatschappijrivierenland.ws,nan
nan,woonmaatschappijrivierenland.xn--fiqs8s,nan
nan,woonmaatschappijrivierenland.xn--fiqz9s,nan
nan,woonmaatschappijrivierenland.xn--ngbrx,nan
nan,woonmaatschappijrivierenland.xn--node,nan
nan,woonnet.nl,nan
nan,woonnet.ph,nan
nan,woonnet.vg,nan
nan,woonnet.vlaanderen,nan
nan,woonnet.ws,nan
nan,woonnet.xn--fiqs8s,nan
nan,woonnet.xn--node,nan
nan,woonnet.xn--ngbrx,nan
nan,woonnet.xn--fiqz9s,nan
nan,woon-plus.be,nan
nan,woon-plus.nl,nan
nan,woon-plus.ph,nan
nan,woon-plus.vg,nan
nan,woon-plus.ws,nan
nan,woon-plus.xn--ngbrx,nan
nan,woon-plus.xn--node,nan
nan,woon-plus.xn--fiqs8s,nan
nan,woon-plus.xn--fiqz9s,nan
nan,woonprojecten.nl,nan
nan,woonprojecten.ph,nan
nan,woonprojecten.vg,nan
nan,woonprojecten.ws,nan
nan,woonprojecten.xn--fiqs8s,nan
nan,woonprojecten.xn--fiqz9s,nan
nan,woonprojecten.xn--ngbrx,nan
nan,woonprojecten.xn--node,nan
nan,woonpuntinfo.be,nan
nan,woonpuntinfo.ph,nan
nan,woonpuntinfo.vg,nan
nan,woonpuntinfo.ws,nan
nan,woonpuntinfo.xn--fiqz9s,nan
nan,woonpuntinfo.xn--ngbrx,nan
nan,woonpuntinfo.xn--node,nan
nan,woonpuntinfo.xn--fiqs8s,nan
nan,woonpuntmechelen.be,nan
nan,woonpuntmechelen.ph,nan
nan,woonpuntmechelen.vg,nan
nan,woonpuntmechelen.ws,nan
nan,woonpuntmechelen.xn--fiqs8s,nan
nan,woonpuntmechelen.xn--ngbrx,nan
nan,woonpuntmechelen.xn--node,nan
nan,woonpuntmechelen.xn--fiqz9s,nan
nan,woonpuntzennevallei.ph,nan
nan,woonpuntzennevallei.vg,nan
nan,woonpuntzennevallei.ws,nan
nan,woonpuntzennevallei.xn--fiqz9s,nan
nan,woonpuntzennevallei.xn--ngbrx,nan
nan,woonpuntzennevallei.xn--node,nan
nan,woonpuntzennevallei.xn--fiqs8s,nan
nan,woonraad.com,nan
nan,woonraad.ph,nan
nan,woonraad.vg,nan
nan,woonraad.ws,nan
nan,woonraad.xn--fiqs8s,nan
nan,woonraad.xn--fiqz9s,nan
nan,woonraad.xn--ngbrx,nan
nan,woonraad.xn--node,nan
nan,woonst.be,nan
nan,woonst.com,nan
nan,woonst.de,nan
nan,woonst.net,nan
nan,woonst.nl,nan
nan,woonst.nu,nan
nan,woonst.org,nan
nan,woonst.ph,nan
nan,woonst.vg,nan
nan,woonst.ws,nan
nan,woonst.xn--fiqs8s,nan
nan,woonst.xn--node,nan
nan,woonst.xn--ngbrx,nan
nan,woonst.xn--fiqz9s,nan
nan,woonstroom.be,nan
nan,woonstroom.com,nan
nan,woonstroom.eu,nan
nan,woonstroom.nl,nan
nan,woonstroom.ph,nan
nan,woonstroom.vg,nan
nan,woonstroom.ws,nan
nan,woonstroom.xn--fiqz9s,nan
nan,woonstroom.xn--ngbrx,nan
nan,woonstroom.xn--node,nan
nan,woonstroom.xn--fiqs8s,nan
nan,woonwijs.be,nan
nan,woonwijs.com,nan
nan,woonwijs.eu,nan
nan,woonwijs.expert,nan
nan,woonwijs.info,nan
nan,woonwijs.nl,nan
nan,woonwijs.nu,nan
nan,woonwijs.ph,nan
nan,woonwijs.vg,nan
nan,woonwijs.vlaanderen,nan
nan,woonwijs.ws,nan
nan,woonwijs.xn--fiqz9s,nan
nan,woonwijs.xn--fiqs8s,nan
nan,woonwijs.xn--node,nan
nan,woonwijs.xn--ngbrx,nan
nan,woonwinkel.be,nan
nan,woonwinkel.com,nan
nan,woonwinkel.de,nan
nan,woonwinkel.eu,nan
nan,woonwinkel.info,nan
nan,woonwinkel.net,nan
nan,woonwinkel.nl,nan
nan,woonwinkel.nu,nan
nan,woonwinkel.online,nan
nan,woonwinkel.ph,nan
nan,woonwinkel.top,nan
nan,woonwinkel.vg,nan
nan,woonwinkel.vip,nan
nan,woonwinkel.website,nan
nan,woonwinkel.ws,nan
nan,woonwinkel.xn--fiqz9s,nan
nan,woonwinkel.xn--node,nan
nan,woonwinkel.xn--ngbrx,nan
nan,woonwinkel.xn--fiqs8s,nan
nan,woonwoord.be,nan
nan,woonwoord.ph,nan
nan,woonwoord.vg,nan
nan,woonwoord.vlaanderen,nan
nan,woonwoord.ws,nan
nan,woonwoord.xn--fiqs8s,nan
nan,woonwoord.xn--ngbrx,nan
nan,woonwoord.xn--node,nan
nan,woonwoord.xn--fiqz9s,nan
nan,woonzorgnet-dijleland.be,nan
nan,woonzorgnet-dijleland.ph,nan
nan,woonzorgnet-dijleland.vg,nan
nan,woonzorgnet-dijleland.ws,nan
nan,woonzorgnet-dijleland.xn--fiqs8s,nan
nan,woonzorgnet-dijleland.xn--fiqz9s,nan
nan,woonzorgnet-dijleland.xn--ngbrx,nan
nan,woonzorgnet-dijleland.xn--node,nan
nan,wortegem-petegem.be,nan
nan,wortegem-petegem.ph,nan
nan,wortegem-petegem.vg,nan
nan,wortegem-petegem.ws,nan
nan,wortegem-petegem.xn--fiqz9s,nan
nan,wortegem-petegem.xn--fiqs8s,nan
nan,wortegem-petegem.xn--ngbrx,nan
nan,wortegem-petegem.xn--node,nan
nan,wr-plus.ph,nan
nan,wr-plus.vg,nan
nan,wr-plus.ws,nan
nan,wr-plus.xn--ngbrx,nan
nan,wr-plus.xn--node,nan
nan,wr-plus.xn--fiqs8s,nan
nan,wr-plus.xn--fiqz9s,nan
nan,wrplus.com,nan
nan,wrplus.de,nan
nan,wrplus.ph,nan
nan,wrplus.vg,nan
nan,wrplus.ws,nan
nan,wrplus.xn--ngbrx,nan
nan,wrplus.xn--node,nan
nan,wrplus.xn--fiqs8s,nan
nan,wrplus.xn--fiqz9s,nan
nan,wuustwezel.be,nan
nan,wuustwezel.ph,nan
nan,wuustwezel.vg,nan
nan,wuustwezel.ws,nan
nan,wuustwezel.xn--node,nan
nan,wuustwezel.xn--ngbrx,nan
nan,wuustwezel.xn--fiqz9s,nan
nan,wuustwezel.xn--fiqs8s,nan
nan,wvi.ai,nan
nan,wvi.app,nan
nan,wvi.at,nan
nan,wvi.au,nan
nan,wvi.be,nan
nan,wvi.ca,nan
nan,wvi.ch,nan
nan,wvi.cc,nan
nan,wvi.co,nan
nan,wvi.com,nan
nan,wvi.cl,nan
nan,wvi.cn,nan
nan,wvi.coupons,nan
nan,wvi.cz,nan
nan,wvi.de,nan
nan,wvi.eu,nan
nan,wvi.in,nan
nan,wvi.io,nan
nan,wvi.ir,nan
nan,wvi.it,nan
nan,wvi.ke,nan
nan,wvi.jp,nan
nan,wvi.me,nan
nan,wvi.net,nan
nan,wvi.nl,nan
nan,wvi.nz,nan
nan,wvi.org,nan
nan,wvi.ph,nan
nan,wvi.pl,nan
nan,wvi.rocks,nan
nan,wvi.ru,nan
nan,wvi.uk,nan
nan,wvi.us,nan
nan,wvi.vg,nan
nan,wvi.uz,nan
nan,wvi.ws,nan
nan,wvi.xn--fiqs8s,nan
nan,wvi.xn--fiqz9s,nan
nan,wvi.xn--ngbrx,nan
nan,wvi.xn--node,nan
nan,wvi.xyz,nan
nan,wvigisco.be,nan
nan,wvigisco.ph,nan
nan,wvigisco.vg,nan
nan,wvigisco.ws,nan
nan,wvigisco.xn--fiqs8s,nan
nan,wvigisco.xn--ngbrx,nan
nan,wvigisco.xn--node,nan
nan,wvigisco.xn--fiqz9s,nan
nan,www-abba.be,nan
nan,www-abba.ph,nan
nan,www-abba.vg,nan
nan,www-abba.ws,nan
nan,www-abba.xn--fiqs8s,nan
nan,www-abba.xn--fiqz9s,nan
nan,www-abba.xn--ngbrx,nan
nan,www-abba.xn--node,nan
nan,wyre.ae,nan
nan,wyre.ai,nan
nan,wyre.app,nan
nan,wyre.be,nan
nan,wyre.ca,nan
nan,wyre.cc,nan
nan,wyre.ch,nan
nan,wyre.cloud,nan
nan,wyre.club,nan
nan,wyre.cn,nan
nan,wyre.com,nan
nan,wyre.construction,nan
nan,wyre.cz,nan
nan,wyre.de,nan
nan,wyre.dev,nan
nan,wyre.eu,nan
nan,wyre.fr,nan
nan,wyre.fun,nan
nan,wyre.info,nan
nan,wyre.in,nan
nan,wyre.io,nan
nan,wyre.it,nan
nan,wyre.lu,nan
nan,wyre.link,nan
nan,wyre.me,nan
nan,wyre.nl,nan
nan,wyre.nz,nan
nan,wyre.org,nan
nan,wyre.ph,nan
nan,wyre.pro,nan
nan,wyre.pt,nan
nan,wyre.ru,nan
nan,wyre.run,nan
nan,wyre.shop,nan
nan,wyre.social,nan
nan,wyre.st,nan
nan,wyre.store,nan
nan,wyre.tech,nan
nan,wyre.to,nan
nan,wyre.tv,nan
nan,wyre.uk,nan
nan,wyre.vc,nan
nan,wyre.vg,nan
nan,wyre.ws,nan
nan,wyre.xn--fiqs8s,nan
nan,wyre.xn--fiqz9s,nan
nan,wyre.xn--ngbrx,nan
nan,wyre.xn--node,nan
nan,wyre.xyz,nan
nan,wzcdemotten.ph,nan
nan,wzcdemotten.vg,nan
nan,wzcdemotten.ws,nan
nan,wzcdemotten.xn--fiqz9s,nan
nan,wzcdemotten.xn--fiqs8s,nan
nan,wzcdemotten.xn--ngbrx,nan
nan,wzcdemotten.xn--node,nan
nan,wzcdewaterdam.be,nan
nan,wzcdewaterdam.ph,nan
nan,wzcdewaterdam.vg,nan
nan,wzcdewaterdam.ws,nan
nan,wzcdewaterdam.xn--fiqs8s,nan
nan,wzcdewaterdam.xn--fiqz9s,nan
nan,wzcdewaterdam.xn--ngbrx,nan
nan,wzcdewaterdam.xn--node,nan
nan,wzc-dewijngaard.ph,nan
nan,wzc-dewijngaard.vg,nan
nan,wzc-dewijngaard.ws,nan
nan,wzc-dewijngaard.xn--fiqs8s,nan
nan,wzc-dewijngaard.xn--node,nan
nan,wzc-dewijngaard.xn--ngbrx,nan
nan,wzc-dewijngaard.xn--fiqz9s,nan
nan,wzcdezilverberg.be,nan
nan,wzcdezilverberg.ph,nan
nan,wzcdezilverberg.vg,nan
nan,wzcdezilverberg.ws,nan
nan,wzcdezilverberg.xn--fiqz9s,nan
nan,wzcdezilverberg.xn--fiqs8s,nan
nan,wzcdezilverberg.xn--ngbrx,nan
nan,wzcdezilverberg.xn--node,nan
nan,wzcsinthenricus.be,nan
nan,wzcsinthenricus.ph,nan
nan,wzcsinthenricus.vg,nan
nan,wzcsinthenricus.ws,nan
nan,wzcsinthenricus.xn--fiqs8s,nan
nan,wzcsinthenricus.xn--ngbrx,nan
nan,wzcsinthenricus.xn--node,nan
nan,wzcsinthenricus.xn--fiqz9s,nan
nan,wzcterberken.be,nan
nan,wzcterberken.ph,nan
nan,wzcterberken.vg,nan
nan,wzcterberken.ws,nan
nan,wzcterberken.xn--fiqs8s,nan
nan,wzcterberken.xn--fiqz9s,nan
nan,wzcterberken.xn--ngbrx,nan
nan,wzcterberken.xn--node,nan
nan,ééngezin-éénplan.be,nan
nan,ééngezin-éénplan.ph,nan
nan,ééngezin-éénplan.vg,nan
nan,ééngezin-éénplan.ws,nan
nan,ééngezin-éénplan.xn--fiqs8s,nan
nan,ééngezin-éénplan.xn--ngbrx,nan
nan,ééngezin-éénplan.xn--node,nan
nan,ééngezin-éénplan.xn--fiqz9s,nan
nan,yourenotalone.be,nan
nan,yourenotalone.ca,nan
nan,yourenotalone.cc,nan
nan,yourenotalone.ch,nan
nan,yourenotalone.com,nan
nan,yourenotalone.co,nan
nan,yourenotalone.de,nan
nan,yourenotalone.life,nan
nan,yourenotalone.net,nan
nan,yourenotalone.org,nan
nan,yourenotalone.online,nan
nan,yourenotalone.ph,nan
nan,yourenotalone.us,nan
nan,yourenotalone.vg,nan
nan,yourenotalone.ws,nan
nan,yourenotalone.xn--fiqs8s,nan
nan,yourenotalone.xn--fiqz9s,nan
nan,yourenotalone.xn--ngbrx,nan
nan,yourenotalone.xn--node,nan
nan,youthatwork.be,nan
nan,youthatwork.biz,nan
nan,youthatwork.com,nan
nan,youthatwork.fund,nan
nan,youthatwork.info,nan
nan,youthatwork.net,nan
nan,youthatwork.org,nan
nan,youthatwork.ph,nan
nan,youthatwork.vg,nan
nan,youthatwork.ws,nan
nan,youthatwork.xn--fiqs8s,nan
nan,youthatwork.xn--fiqz9s,nan
nan,youthatwork.xn--ngbrx,nan
nan,youthatwork.xn--node,nan
nan,zaadvaneenmaat.be,nan
nan,zaadvaneenmaat.ph,nan
nan,zaadvaneenmaat.vg,nan
nan,zaadvaneenmaat.ws,nan
nan,zaadvaneenmaat.xn--fiqz9s,nan
nan,zaadvaneenmaat.xn--node,nan
nan,zaadvaneenmaat.xn--ngbrx,nan
nan,zaadvaneenmaat.xn--fiqs8s,nan
nan,zandhoven.be,nan
nan,zandhoven.org,nan
nan,zandhoven.ph,nan
nan,zandhoven.vg,nan
nan,zandhoven.ws,nan
nan,zandhoven.xn--fiqs8s,nan
nan,zandhoven.xn--fiqz9s,nan
nan,zandhoven.xn--ngbrx,nan
nan,zandhoven.xn--node,nan
nan,zaventem.ae,nan
nan,zaventem.be,nan
nan,zaventem.com,nan
nan,zaventem.eu,nan
nan,zaventem.info,nan
nan,zaventem.me,nan
nan,zaventem.net,nan
nan,zaventem.nl,nan
nan,zaventem.org,nan
nan,zaventem.ph,nan
nan,zaventem.taxi,nan
nan,zaventem.tech,nan
nan,zaventem.vg,nan
nan,zaventem.vlaanderen,nan
nan,zaventem.ws,nan
nan,zaventem.xn--fiqs8s,nan
nan,zaventem.xn--node,nan
nan,zaventem.xn--ngbrx,nan
nan,zaventem.xn--fiqz9s,nan
nan,zbharelbeke.be,nan
nan,zbharelbeke.ph,nan
nan,zbharelbeke.vg,nan
nan,zbharelbeke.ws,nan
nan,zbharelbeke.xn--fiqs8s,nan
nan,zbharelbeke.xn--fiqz9s,nan
nan,zbharelbeke.xn--ngbrx,nan
nan,zbharelbeke.xn--node,nan
nan,zbrivierenland.com,nan
nan,zbrivierenland.ph,nan
nan,zbrivierenland.vg,nan
nan,zbrivierenland.ws,nan
nan,zbrivierenland.xn--fiqz9s,nan
nan,zbrivierenland.xn--ngbrx,nan
nan,zbrivierenland.xn--node,nan
nan,zbrivierenland.xn--fiqs8s,nan
nan,zbroeselare.be,nan
nan,zbroeselare.ph,nan
nan,zbroeselare.vg,nan
nan,zbroeselare.ws,nan
nan,zbroeselare.xn--fiqs8s,nan
nan,zbroeselare.xn--fiqz9s,nan
nan,zbroeselare.xn--ngbrx,nan
nan,zbroeselare.xn--node,nan
nan,zedelgem.be,nan
nan,zedelgem.com,nan
nan,zedelgem.ph,nan
nan,zedelgem.vg,nan
nan,zedelgem.ws,nan
nan,zedelgem.xn--fiqz9s,nan
nan,zedelgem.xn--node,nan
nan,zedelgem.xn--ngbrx,nan
nan,zedelgem.xn--fiqs8s,nan
nan,zeehaven.be,nan
nan,zeehaven.com,nan
nan,zeehaven.eu,nan
nan,zeehaven.info,nan
nan,zeehaven.net,nan
nan,zeehaven.nl,nan
nan,zeehaven.nu,nan
nan,zeehaven.org,nan
nan,zeehaven.ph,nan
nan,zeehaven.shop,nan
nan,zeehaven.store,nan
nan,zeehaven.vg,nan
nan,zeehaven.vlaanderen,nan
nan,zeehaven.ws,nan
nan,zeehaven.xn--fiqz9s,nan
nan,zeehaven.xn--fiqs8s,nan
nan,zeehaven.xn--ngbrx,nan
nan,zeehaven.xn--node,nan
nan,zeekanaal.be,nan
nan,zeekanaal.ph,nan
nan,zeekanaal.vg,nan
nan,zeekanaal.ws,nan
nan,zeekanaal.xn--fiqz9s,nan
nan,zeekanaal.xn--ngbrx,nan
nan,zeekanaal.xn--node,nan
nan,zeekanaal.xn--fiqs8s,nan
nan,zeekerweten.be,nan
nan,zeekerweten.ph,nan
nan,zeekerweten.vg,nan
nan,zeekerweten.ws,nan
nan,zeekerweten.xn--fiqz9s,nan
nan,zeekerweten.xn--fiqs8s,nan
nan,zeekerweten.xn--ngbrx,nan
nan,zeekerweten.xn--node,nan
nan,zeekrant.be,nan
nan,zeekrant.ph,nan
nan,zeekrant.vg,nan
nan,zeekrant.ws,nan
nan,zeekrant.xn--ngbrx,nan
nan,zeekrant.xn--node,nan
nan,zeekrant.xn--fiqs8s,nan
nan,zeekrant.xn--fiqz9s,nan
nan,zeevruchtengids.org,nan
nan,zeevruchtengids.ph,nan
nan,zeevruchtengids.vg,nan
nan,zeevruchtengids.ws,nan
nan,zeevruchtengids.xn--fiqs8s,nan
nan,zeevruchtengids.xn--fiqz9s,nan
nan,zeevruchtengids.xn--node,nan
nan,zeevruchtengids.xn--ngbrx,nan
nan,zeewetenschappen.be,nan
nan,zeewetenschappen.ph,nan
nan,zeewetenschappen.vg,nan
nan,zeewetenschappen.ws,nan
nan,zeewetenschappen.xn--fiqs8s,nan
nan,zeewetenschappen.xn--node,nan
nan,zeewetenschappen.xn--ngbrx,nan
nan,zeewetenschappen.xn--fiqz9s,nan
nan,zele.ai,nan
nan,zele.at,nan
nan,zele.be,nan
nan,zele.bg,nan
nan,zele.biz,nan
nan,zele.ca,nan
nan,zele.ch,nan
nan,zele.co,nan
nan,zele.de,nan
nan,zele.cz,nan
nan,zele.dev,nan
nan,zele.cn,nan
nan,zele.eu,nan
nan,zele.fr,nan
nan,zele.fun,nan
nan,zele.hu,nan
nan,zele.in,nan
nan,zele.info,nan
nan,zele.ir,nan
nan,zele.io,nan
nan,zele.it,nan
nan,zele.jp,nan
nan,zele.life,nan
nan,zele.lol,nan
nan,zele.lt,nan
nan,zele.me,nan
nan,zele.net,nan
nan,zele.mx,nan
nan,zele.nl,nan
nan,zele.online,nan
nan,zele.ovh,nan
nan,zele.ph,nan
nan,zele.pl,nan
nan,zele.pro,nan
nan,zele.pw,nan
nan,zele.ro,nan
nan,zele.ru,nan
nan,zele.shop,nan
nan,zele.si,nan
nan,zele.sk,nan
nan,zele.site,nan
nan,zele.st,nan
nan,zele.studio,nan
nan,zele.store,nan
nan,zele.uk,nan
nan,zele.us,nan
nan,zele.vg,nan
nan,zele.ws,nan
nan,zele.xn--fiqs8s,nan
nan,zele.xn--ngbrx,nan
nan,zele.xn--node,nan
nan,zele.xyz,nan
nan,zele.xn--fiqz9s,nan
nan,zelzate.be,nan
nan,zelzate.ch,nan
nan,zelzate.eu,nan
nan,zelzate.link,nan
nan,zelzate.net,nan
nan,zelzate.ph,nan
nan,zelzate.vg,nan
nan,zelzate.ws,nan
nan,zelzate.xn--fiqs8s,nan
nan,zelzate.xn--ngbrx,nan
nan,zelzate.xn--node,nan
nan,zelzate.xn--fiqz9s,nan
nan,zemst.be,nan
nan,zemst.com,nan
nan,zemst.info,nan
nan,zemst.mn,nan
nan,zemst.online,nan
nan,zemst.ph,nan
nan,zemst.pro,nan
nan,zemst.ru,nan
nan,zemst.shop,nan
nan,zemst.vg,nan
nan,zemst.ws,nan
nan,zemst.xn--fiqz9s,nan
nan,zemst.xn--node,nan
nan,zemst.xn--ngbrx,nan
nan,zemst.xn--fiqs8s,nan
nan,zichtopmaastricht.nl,nan
nan,zichtopmaastricht.ph,nan
nan,zichtopmaastricht.vg,nan
nan,zichtopmaastricht.ws,nan
nan,zichtopmaastricht.xn--fiqz9s,nan
nan,zichtopmaastricht.xn--ngbrx,nan
nan,zichtopmaastricht.xn--node,nan
nan,zichtopmaastricht.xn--fiqs8s,nan
nan,ziekenhuis.ai,nan
nan,ziekenhuis.amsterdam,nan
nan,ziekenhuis.app,nan
nan,ziekenhuis.be,nan
nan,ziekenhuis.blog,nan
nan,ziekenhuis.brussels,nan
nan,ziekenhuis.com,nan
nan,ziekenhuis.contact,nan
nan,ziekenhuis.de,nan
nan,ziekenhuis.dev,nan
nan,ziekenhuis.eu,nan
nan,ziekenhuis.gent,nan
nan,ziekenhuis.online,nan
nan,ziekenhuis.org,nan
nan,ziekenhuis.ph,nan
nan,ziekenhuis.shop,nan
nan,ziekenhuis.software,nan
nan,ziekenhuis.vg,nan
nan,ziekenhuis.ws,nan
nan,ziekenhuis.xn--fiqs8s,nan
nan,ziekenhuis.xn--ngbrx,nan
nan,ziekenhuis.xn--node,nan
nan,ziekenhuis.xn--fiqz9s,nan
nan,ziekenhuisschool.be,nan
nan,ziekenhuisschool.nl,nan
nan,ziekenhuisschool.ph,nan
nan,ziekenhuisschool.vg,nan
nan,ziekenhuisschool.ws,nan
nan,ziekenhuisschool.xn--fiqs8s,nan
nan,ziekenhuisschool.xn--fiqz9s,nan
nan,ziekenhuisschool.xn--ngbrx,nan
nan,ziekenhuisschool.xn--node,nan
nan,zilverenzwaan.be,nan
nan,zilverenzwaan.ph,nan
nan,zilverenzwaan.vg,nan
nan,zilverenzwaan.ws,nan
nan,zilverenzwaan.xn--fiqs8s,nan
nan,zilverenzwaan.xn--ngbrx,nan
nan,zilverenzwaan.xn--node,nan
nan,zilverenzwaan.xn--fiqz9s,nan
nan,zilvermeer.be,nan
nan,zilvermeer.com,nan
nan,zilvermeer.eu,nan
nan,zilvermeer.nl,nan
nan,zilvermeer.ph,nan
nan,zilvermeer.vg,nan
nan,zilvermeer.ws,nan
nan,zilvermeer.xn--fiqs8s,nan
nan,zilvermeer.xn--fiqz9s,nan
nan,zilvermeer.xn--ngbrx,nan
nan,zilvermeer.xn--node,nan
nan,zingem.be,nan
nan,zingem.com,nan
nan,zingem.ph,nan
nan,zingem.vg,nan
nan,zingem.ws,nan
nan,zingem.xn--fiqz9s,nan
nan,zingem.xn--ngbrx,nan
nan,zingem.xn--node,nan
nan,zingem.xn--fiqs8s,nan
nan,zoefmasters.be,nan
nan,zoefmasters.ph,nan
nan,zoefmasters.vg,nan
nan,zoefmasters.ws,nan
nan,zoefmasters.xn--fiqs8s,nan
nan,zoefmasters.xn--fiqz9s,nan
nan,zoefmasters.xn--ngbrx,nan
nan,zoefmasters.xn--node,nan
nan,zoekeennatuurgids.be,nan
nan,zoekeennatuurgids.ph,nan
nan,zoekeennatuurgids.vg,nan
nan,zoekeennatuurgids.ws,nan
nan,zoekeennatuurgids.xn--fiqs8s,nan
nan,zoekeennatuurgids.xn--fiqz9s,nan
nan,zoekeennatuurgids.xn--ngbrx,nan
nan,zoekeennatuurgids.xn--node,nan
nan,zoersel.be,nan
nan,zoersel.com,nan
nan,zoersel.eu,nan
nan,zoersel.immo,nan
nan,zoersel.net,nan
nan,zoersel.ph,nan
nan,zoersel.vg,nan
nan,zoersel.vlaanderen,nan
nan,zoersel.ws,nan
nan,zoersel.xn--fiqz9s,nan
nan,zoersel.xn--fiqs8s,nan
nan,zoersel.xn--ngbrx,nan
nan,zoersel.xn--node,nan
nan,zoetwater.be,nan
nan,zoetwater.com,nan
nan,zoetwater.events,nan
nan,zoetwater.id,nan
nan,zoetwater.net,nan
nan,zoetwater.nl,nan
nan,zoetwater.ph,nan
nan,zoetwater.vg,nan
nan,zoetwater.ws,nan
nan,zoetwater.xn--ngbrx,nan
nan,zoetwater.xn--node,nan
nan,zoetwater.xn--fiqz9s,nan
nan,zoetwater.xn--fiqs8s,nan
nan,zomergem.be,nan
nan,zomergem.com,nan
nan,zomergem.eu,nan
nan,zomergem.ph,nan
nan,zomergem.vg,nan
nan,zomergem.ws,nan
nan,zomergem.xn--fiqs8s,nan
nan,zomergem.xn--fiqz9s,nan
nan,zomergem.xn--ngbrx,nan
nan,zomergem.xn--node,nan
nan,zonderisgezonder.be,nan
nan,zonderisgezonder.ph,nan
nan,zonderisgezonder.vg,nan
nan,zonderisgezonder.vlaanderen,nan
nan,zonderisgezonder.ws,nan
nan,zonderisgezonder.xn--fiqs8s,nan
nan,zonderisgezonder.xn--ngbrx,nan
nan,zonderisgezonder.xn--node,nan
nan,zonderisgezonder.xn--fiqz9s,nan
nan,zone1.ae,nan
nan,zone1.ai,nan
nan,zone1.at,nan
nan,zone1.be,nan
nan,zone1.ca,nan
nan,zone1.co,nan
nan,zone1.com,nan
nan,zone1.cn,nan
nan,zone1.cc,nan
nan,zone1.de,nan
nan,zone1.dk,nan
nan,zone1.eu,nan
nan,zone1.io,nan
nan,zone1.info,nan
nan,zone1.live,nan
nan,zone1.in,nan
nan,zone1.net,nan
nan,zone1.nl,nan
nan,zone1.one,nan
nan,zone1.nz,nan
nan,zone1.org,nan
nan,zone1.ph,nan
nan,zone1.ru,nan
nan,zone1.sa,nan
nan,zone1.space,nan
nan,zone1.se,nan
nan,zone1.tech,nan
nan,zone1.vg,nan
nan,zone1.ws,nan
nan,zone1.xn--fiqs8s,nan
nan,zone1.xn--node,nan
nan,zone1.xn--ngbrx,nan
nan,zone1.xn--fiqz9s,nan
nan,zone30.ch,nan
nan,zone30.club,nan
nan,zone30.com,nan
nan,zone30.de,nan
nan,zone30.fr,nan
nan,zone30.it,nan
nan,zone30.ph,nan
nan,zone30.vg,nan
nan,zone30.ws,nan
nan,zone30.xn--fiqz9s,nan
nan,zone30.xn--node,nan
nan,zone30.xn--ngbrx,nan
nan,zone30.xn--fiqs8s,nan
nan,zonemeetjesland.be,nan
nan,zonemeetjesland.ph,nan
nan,zonemeetjesland.vg,nan
nan,zonemeetjesland.ws,nan
nan,zonemeetjesland.xn--fiqz9s,nan
nan,zonemeetjesland.xn--fiqs8s,nan
nan,zonemeetjesland.xn--ngbrx,nan
nan,zonemeetjesland.xn--node,nan
nan,zonezuidoost.be,nan
nan,zonezuidoost.ph,nan
nan,zonezuidoost.vg,nan
nan,zonezuidoost.ws,nan
nan,zonezuidoost.xn--fiqz9s,nan
nan,zonezuidoost.xn--ngbrx,nan
nan,zonezuidoost.xn--node,nan
nan,zonezuidoost.xn--fiqs8s,nan
nan,zonhoven.be,nan
nan,zonhoven.com,nan
nan,zonhoven.nl,nan
nan,zonhoven.nu,nan
nan,zonhoven.ph,nan
nan,zonhoven.vg,nan
nan,zonhoven.ws,nan
nan,zonhoven.xn--fiqz9s,nan
nan,zonhoven.xn--fiqs8s,nan
nan,zonhoven.xn--ngbrx,nan
nan,zonhoven.xn--node,nan
nan,zonnebeke.be,nan
nan,zonnebeke.com,nan
nan,zonnebeke.eu,nan
nan,zonnebeke.net,nan
nan,zonnebeke.one,nan
nan,zonnebeke.ph,nan
nan,zonnebeke.vg,nan
nan,zonnebeke.ws,nan
nan,zonnebeke.xn--fiqs8s,nan
nan,zonnebeke.xn--node,nan
nan,zonnebeke.xn--ngbrx,nan
nan,zonnebeke.xn--fiqz9s,nan
nan,zorgband.be,nan
nan,zorgband.ph,nan
nan,zorgband.vg,nan
nan,zorgband.ws,nan
nan,zorgband.xn--fiqz9s,nan
nan,zorgband.xn--node,nan
nan,zorgband.xn--ngbrx,nan
nan,zorgband.xn--fiqs8s,nan
nan,zorgband-leie-en-schelde.ph,nan
nan,zorgband-leie-en-schelde.vg,nan
nan,zorgband-leie-en-schelde.ws,nan
nan,zorgband-leie-en-schelde.xn--fiqs8s,nan
nan,zorgband-leie-en-schelde.xn--fiqz9s,nan
nan,zorgband-leie-en-schelde.xn--ngbrx,nan
nan,zorgband-leie-en-schelde.xn--node,nan
nan,zorgbedrijf-harelbeke.ph,nan
nan,zorgbedrijf-harelbeke.vg,nan
nan,zorgbedrijf-harelbeke.ws,nan
nan,zorgbedrijf-harelbeke.xn--fiqz9s,nan
nan,zorgbedrijf-harelbeke.xn--fiqs8s,nan
nan,zorgbedrijf-harelbeke.xn--node,nan
nan,zorgbedrijf-harelbeke.xn--ngbrx,nan
nan,zorgbedrijf-meetjesland.ph,nan
nan,zorgbedrijf-meetjesland.vg,nan
nan,zorgbedrijf-meetjesland.ws,nan
nan,zorgbedrijf-meetjesland.xn--fiqz9s,nan
nan,zorgbedrijf-meetjesland.xn--fiqs8s,nan
nan,zorgbedrijf-meetjesland.xn--ngbrx,nan
nan,zorgbedrijf-meetjesland.xn--node,nan
nan,zorgbedrijfmeetjesland.be,nan
nan,zorgbedrijfmeetjesland.ph,nan
nan,zorgbedrijfmeetjesland.vg,nan
nan,zorgbedrijfmeetjesland.ws,nan
nan,zorgbedrijfmeetjesland.xn--fiqs8s,nan
nan,zorgbedrijfmeetjesland.xn--fiqz9s,nan
nan,zorgbedrijfmeetjesland.xn--ngbrx,nan
nan,zorgbedrijfmeetjesland.xn--node,nan
nan,zorgbedrijf-vilvoorde.ph,nan
nan,zorgbedrijf-vilvoorde.vg,nan
nan,zorgbedrijf-vilvoorde.ws,nan
nan,zorgbedrijf-vilvoorde.xn--fiqs8s,nan
nan,zorgbedrijf-vilvoorde.xn--ngbrx,nan
nan,zorgbedrijf-vilvoorde.xn--node,nan
nan,zorgbedrijf-vilvoorde.xn--fiqz9s,nan
nan,zorgbedrijfvilvoorde.be,nan
nan,zorgbedrijfvilvoorde.ph,nan
nan,zorgbedrijfvilvoorde.vg,nan
nan,zorgbedrijfvilvoorde.ws,nan
nan,zorgbedrijfvilvoorde.xn--fiqz9s,nan
nan,zorgbedrijfvilvoorde.xn--ngbrx,nan
nan,zorgbedrijfvilvoorde.xn--node,nan
nan,zorgbedrijfvilvoorde.xn--fiqs8s,nan
nan,zorggroeplommel.be,nan
nan,zorggroeplommel.ph,nan
nan,zorggroeplommel.vg,nan
nan,zorggroeplommel.ws,nan
nan,zorggroeplommel.xn--fiqz9s,nan
nan,zorggroeplommel.xn--ngbrx,nan
nan,zorggroeplommel.xn--node,nan
nan,zorggroeplommel.xn--fiqs8s,nan
nan,zorg-houthalen-helchteren.ph,nan
nan,zorg-houthalen-helchteren.vg,nan
nan,zorg-houthalen-helchteren.ws,nan
nan,zorg-houthalen-helchteren.xn--node,nan
nan,zorg-houthalen-helchteren.xn--ngbrx,nan
nan,zorg-houthalen-helchteren.xn--fiqs8s,nan
nan,zorg-houthalen-helchteren.xn--fiqz9s,nan
nan,zorg-leuven.be,nan
nan,zorg-leuven.ph,nan
nan,zorg-leuven.vg,nan
nan,zorg-leuven.ws,nan
nan,zorg-leuven.xn--fiqs8s,nan
nan,zorg-leuven.xn--fiqz9s,nan
nan,zorg-leuven.xn--ngbrx,nan
nan,zorg-leuven.xn--node,nan
nan,zorgleuven.be,nan
nan,zorgleuven.ph,nan
nan,zorgleuven.vg,nan
nan,zorgleuven.ws,nan
nan,zorgleuven.xn--fiqz9s,nan
nan,zorgleuven.xn--ngbrx,nan
nan,zorgleuven.xn--node,nan
nan,zorgleuven.xn--fiqs8s,nan
nan,zorgpuntwaasland.be,nan
nan,zorgpuntwaasland.ph,nan
nan,zorgpuntwaasland.vg,nan
nan,zorgpuntwaasland.ws,nan
nan,zorgpuntwaasland.xn--fiqs8s,nan
nan,zorgpuntwaasland.xn--node,nan
nan,zorgpuntwaasland.xn--ngbrx,nan
nan,zorgpuntwaasland.xn--fiqz9s,nan
nan,zorgstekene.be,nan
nan,zorgstekene.com,nan
nan,zorgstekene.eu,nan
nan,zorgstekene.net,nan
nan,zorgstekene.org,nan
nan,zorgstekene.ph,nan
nan,zorgstekene.vg,nan
nan,zorgstekene.vlaanderen,nan
nan,zorgstekene.ws,nan
nan,zorgstekene.xn--fiqs8s,nan
nan,zorgstekene.xn--ngbrx,nan
nan,zorgstekene.xn--node,nan
nan,zorgstekene.xn--fiqz9s,nan
nan,zorgtoeslag.be,nan
nan,zorgtoeslag.com,nan
nan,zorgtoeslag.eu,nan
nan,zorgtoeslag.info,nan
nan,zorgtoeslag.net,nan
nan,zorgtoeslag.nl,nan
nan,zorgtoeslag.ph,nan
nan,zorgtoeslag.vg,nan
nan,zorgtoeslag.vlaanderen,nan
nan,zorgtoeslag.ws,nan
nan,zorgtoeslag.xn--fiqs8s,nan
nan,zorgtoeslag.xn--node,nan
nan,zorgtoeslag.xn--ngbrx,nan
nan,zorgtoeslag.xn--fiqz9s,nan
nan,zorgtoeslagen.be,nan
nan,zorgtoeslagen.nl,nan
nan,zorgtoeslagen.ph,nan
nan,zorgtoeslagen.vg,nan
nan,zorgtoeslagen.ws,nan
nan,zorgtoeslagen.xn--ngbrx,nan
nan,zorgtoeslagen.xn--node,nan
nan,zorgtoeslagen.xn--fiqs8s,nan
nan,zorgtoeslagen.xn--fiqz9s,nan
nan,zorgvilvoorde.be,nan
nan,zorgvilvoorde.ph,nan
nan,zorgvilvoorde.vg,nan
nan,zorgvilvoorde.ws,nan
nan,zorgvilvoorde.xn--fiqs8s,nan
nan,zorgvilvoorde.xn--ngbrx,nan
nan,zorgvilvoorde.xn--node,nan
nan,zorgvilvoorde.xn--fiqz9s,nan
nan,zorgwijs.be,nan
nan,zorgwijs.com,nan
nan,zorgwijs.eu,nan
nan,zorgwijs.nl,nan
nan,zorgwijs.nu,nan
nan,zorgwijs.ph,nan
nan,zorgwijs.vg,nan
nan,zorgwijs.ws,nan
nan,zorgwijs.xn--ngbrx,nan
nan,zorgwijs.xn--node,nan
nan,zorgwijs.xn--fiqs8s,nan
nan,zorgwijs.xn--fiqz9s,nan
nan,zorgwijzer.be,nan
nan,zorgwijzer.com,nan
nan,zorgwijzer.eu,nan
nan,zorgwijzer.info,nan
nan,zorgwijzer.nl,nan
nan,zorgwijzer.ph,nan
nan,zorgwijzer.vg,nan
nan,zorgwijzer.ws,nan
nan,zorgwijzer.xn--fiqs8s,nan
nan,zorgwijzer.xn--ngbrx,nan
nan,zorgwijzer.xn--node,nan
nan,zorgwijzer.xn--fiqz9s,nan
nan,zorgwonen.be,nan
nan,zorgwonen.com,nan
nan,zorgwonen.nl,nan
nan,zorgwonen.org,nan
nan,zorgwonen.ph,nan
nan,zorgwonen.vg,nan
nan,zorgwonen.vlaanderen,nan
nan,zorgwonen.ws,nan
nan,zorgwonen.xn--fiqz9s,nan
nan,zorgwonen.xn--ngbrx,nan
nan,zorgwonen.xn--node,nan
nan,zorgwonen.xn--fiqs8s,nan
nan,zottegem.be,nan
nan,zottegem.net,nan
nan,zottegem.nl,nan
nan,zottegem.ph,nan
nan,zottegem.vg,nan
nan,zottegem.ws,nan
nan,zottegem.xn--node,nan
nan,zottegem.xn--ngbrx,nan
nan,zottegem.xn--fiqs8s,nan
nan,zottegem.xn--fiqz9s,nan
nan,zoutleeuw.be,nan
nan,zoutleeuw.ph,nan
nan,zoutleeuw.tel,nan
nan,zoutleeuw.vg,nan
nan,zoutleeuw.ws,nan
nan,zoutleeuw.xn--ngbrx,nan
nan,zoutleeuw.xn--fiqz9s,nan
nan,zoutleeuw.xn--node,nan
nan,zoutleeuw.xn--fiqs8s,nan
nan,zoveelstad.ph,nan
nan,zoveelstad.vg,nan
nan,zoveelstad.ws,nan
nan,zoveelstad.xn--fiqs8s,nan
nan,zoveelstad.xn--ngbrx,nan
nan,zoveelstad.xn--node,nan
nan,zoveelstad.xn--fiqz9s,nan
nan,zpw.ai,nan
nan,zpw.be,nan
nan,zpw.ca,nan
nan,zpw.ch,nan
nan,zpw.cc,nan
nan,zpw.com,nan
nan,zpw.de,nan
nan,zpw.dental,nan
nan,zpw.fr,nan
nan,zpw.fyi,nan
nan,zpw.info,nan
nan,zpw.in,nan
nan,zpw.io,nan
nan,zpw.it,nan
nan,zpw.jp,nan
nan,zpw.koeln,nan
nan,zpw.la,nan
nan,zpw.me,nan
nan,zpw.mx,nan
nan,zpw.net,nan
nan,zpw.nl,nan
nan,zpw.org,nan
nan,zpw.ph,nan
nan,zpw.pl,nan
nan,zpw.pw,nan
nan,zpw.rs,nan
nan,zpw.ru,nan
nan,zpw.se,nan
nan,zpw.top,nan
nan,zpw.uk,nan
nan,zpw.vg,nan
nan,zpw.uz,nan
nan,zpw.vip,nan
nan,zpw.ws,nan
nan,zpw.xn--fiqs8s,nan
nan,zpw.xn--ngbrx,nan
nan,zpw.xn--node,nan
nan,zpw.xn--fiqz9s,nan
nan,zuid.ai,nan
nan,zuid.agency,nan
nan,zuid.bar,nan
nan,zuid.be,nan
nan,zuid.brussels,nan
nan,zuid.cafe,nan
nan,zuid.cc,nan
nan,zuid.com,nan
nan,zuid.cn,nan
nan,zuid.de,nan
nan,zuid.design,nan
nan,zuid.digital,nan
nan,zuid.eu,nan
nan,zuid.frl,nan
nan,zuid.info,nan
nan,zuid.io,nan
nan,zuid.land,nan
nan,zuid.nl,nan
nan,zuid.my,nan
nan,zuid.nu,nan
nan,zuid.online,nan
nan,zuid.org,nan
nan,zuid.ph,nan
nan,zuid.restaurant,nan
nan,zuid.ru,nan
nan,zuid.shop,nan
nan,zuid.uk,nan
nan,zuid.vg,nan
nan,zuid.ws,nan
nan,zuid.xn--fiqs8s,nan
nan,zuid.xn--fiqz9s,nan
nan,zuid.xn--ngbrx,nan
nan,zuid.xn--node,nan
nan,zuid.xyz,nan
nan,zuid-west-limburg.ph,nan
nan,zuid-west-limburg.vg,nan
nan,zuid-west-limburg.ws,nan
nan,zuid-west-limburg.xn--fiqs8s,nan
nan,zuid-west-limburg.xn--node,nan
nan,zuid-west-limburg.xn--ngbrx,nan
nan,zuid-west-limburg.xn--fiqz9s,nan
nan,zuienkerke.be,nan
nan,zuienkerke.com,nan
nan,zuienkerke.ph,nan
nan,zuienkerke.vg,nan
nan,zuienkerke.ws,nan
nan,zuienkerke.xn--fiqz9s,nan
nan,zuienkerke.xn--ngbrx,nan
nan,zuienkerke.xn--node,nan
nan,zuienkerke.xn--fiqs8s,nan
nan,zulte.be,nan
nan,zulte.com,nan
nan,zulte.eu,nan
nan,zulte.ph,nan
nan,zulte.vg,nan
nan,zulte.ws,nan
nan,zulte.xn--fiqs8s,nan
nan,zulte.xn--ngbrx,nan
nan,zulte.xn--node,nan
nan,zulte.xn--fiqz9s,nan
nan,zutendaal.be,nan
nan,zutendaal.com,nan
nan,zutendaal.nl,nan
nan,zutendaal.ph,nan
nan,zutendaal.vg,nan
nan,zutendaal.ws,nan
nan,zutendaal.xn--fiqs8s,nan
nan,zutendaal.xn--node,nan
nan,zutendaal.xn--ngbrx,nan
nan,zutendaal.xn--fiqz9s,nan
nan,zwalm.be,nan
nan,zwalm.com,nan
nan,zwalm.nl,nan
nan,zwalm.ph,nan
nan,zwalm.vg,nan
nan,zwalm.ws,nan
nan,zwalm.xn--fiqs8s,nan
nan,zwalm.xn--ngbrx,nan
nan,zwalm.xn--node,nan
nan,zwalm.xn--fiqz9s,nan
nan,zwamfm.be,nan
nan,zwamfm.ph,nan
nan,zwamfm.vg,nan
nan,zwamfm.ws,nan
nan,zwamfm.xn--fiqs8s,nan
nan,zwamfm.xn--node,nan
nan,zwamfm.xn--ngbrx,nan
nan,zwamfm.xn--fiqz9s,nan
nan,zwaneberg.be,nan
nan,zwaneberg.ph,nan
nan,zwaneberg.vg,nan
nan,zwaneberg.ws,nan
nan,zwaneberg.xn--fiqz9s,nan
nan,zwaneberg.xn--fiqs8s,nan
nan,zwaneberg.xn--ngbrx,nan
nan,zwaneberg.xn--node,nan
nan,zwemwatervlaanderen.be,nan
nan,zwemwatervlaanderen.ph,nan
nan,zwemwatervlaanderen.vg,nan
nan,zwemwatervlaanderen.ws,nan
nan,zwemwatervlaanderen.xn--fiqz9s,nan
nan,zwemwatervlaanderen.xn--fiqs8s,nan
nan,zwemwatervlaanderen.xn--ngbrx,nan
nan,zwemwatervlaanderen.xn--node,nan
nan,zwevegem.be,nan
nan,zwevegem.com,nan
nan,zwevegem.ph,nan
nan,zwevegem.vg,nan
nan,zwevegem.vlaanderen,nan
nan,zwevegem.ws,nan
nan,zwevegem.xn--fiqs8s,nan
nan,zwevegem.xn--fiqz9s,nan
nan,zwevegem.xn--ngbrx,nan
nan,zwevegem.xn--node,nan
nan,zwevegem-leeft.ph,nan
nan,zwevegem-leeft.vg,nan
nan,zwevegem-leeft.ws,nan
nan,zwevegem-leeft.xn--fiqs8s,nan
nan,zwevegem-leeft.xn--fiqz9s,nan
nan,zwevegem-leeft.xn--ngbrx,nan
nan,zwevegem-leeft.xn--node,nan
nan,zwevegemleeft.ph,nan
nan,zwevegemleeft.vg,nan
nan,zwevegemleeft.ws,nan
nan,zwevegemleeft.xn--fiqs8s,nan
nan,zwevegemleeft.xn--fiqz9s,nan
nan,zwevegemleeft.xn--ngbrx,nan
nan,zwevegemleeft.xn--node,nan
nan,zwiepernet.be,nan
nan,zwiepernet.ph,nan
nan,zwiepernet.vg,nan
nan,zwiepernet.ws,nan
nan,zwiepernet.xn--fiqz9s,nan
nan,zwiepernet.xn--ngbrx,nan
nan,zwiepernet.xn--node,nan
nan,zwiepernet.xn--fiqs8s,nan
nan,zwijndrecht.be,nan
nan,zwijndrecht.com,nan
nan,zwijndrecht.eu,nan
nan,zwijndrecht.info,nan
nan,zwijndrecht.net,nan
nan,zwijndrecht.nl,nan
nan,zwijndrecht.nu,nan
nan,zwijndrecht.ph,nan
nan,zwijndrecht.vg,nan
nan,zwijndrecht.ws,nan
nan,zwijndrecht.xn--fiqz9s,nan
nan,zwijndrecht.xn--ngbrx,nan
nan,zwijndrecht.xn--node,nan
nan,zwijndrecht.xn--fiqs8s,nan
nan,zwin.app,nan
nan,zwin.at,nan
nan,zwin.be,nan
nan,zwin.bet,nan
nan,zwin.boutique,nan
nan,zwin.ca,nan
nan,zwin.cc,nan
nan,zwin.club,nan
nan,zwin.cn,nan
nan,zwin.cool,nan
nan,zwin.de,nan
nan,zwin.dev,nan
nan,zwin.com,nan
nan,zwin.eu,nan
nan,zwin.fr,nan
nan,zwin.fun,nan
nan,zwin.global,nan
nan,zwin.info,nan
nan,zwin.it,nan
nan,zwin.live,nan
nan,zwin.mobi,nan
nan,zwin.net,nan
nan,zwin.nl,nan
nan,zwin.one,nan
nan,zwin.org,nan
nan,zwin.ovh,nan
nan,zwin.ph,nan
nan,zwin.pro,nan
nan,zwin.site,nan
nan,zwin.shop,nan
nan,zwin.ua,nan
nan,zwin.us,nan
nan,zwin.vg,nan
nan,zwin.vip,nan
nan,zwin.ws,nan
nan,zwin.win,nan
nan,zwin.work,nan
nan,zwin.xn--fiqs8s,nan
nan,zwin.xn--fiqz9s,nan
nan,zwin.xn--ngbrx,nan
nan,zwin.xn--node,nan
nan,zwin.xyz,nan
nan,zwinimwandel.com,nan
nan,zwinimwandel.ph,nan
nan,zwinimwandel.vg,nan
nan,zwinimwandel.ws,nan
nan,zwinimwandel.xn--fiqs8s,nan
nan,zwinimwandel.xn--fiqz9s,nan
nan,zwinimwandel.xn--ngbrx,nan
nan,zwinimwandel.xn--node,nan
nan,zwinintransformation.com,nan
nan,zwinintransformation.ph,nan
nan,zwinintransformation.vg,nan
nan,zwinintransformation.ws,nan
nan,zwinintransformation.xn--fiqs8s,nan
nan,zwinintransformation.xn--ngbrx,nan
nan,zwinintransformation.xn--node,nan
nan,zwinintransformation.xn--fiqz9s,nan
nan,zwininverandering.be,nan
nan,zwininverandering.eu,nan
nan,zwininverandering.ph,nan
nan,zwininverandering.vg,nan
nan,zwininverandering.ws,nan
nan,zwininverandering.xn--fiqz9s,nan
nan,zwininverandering.xn--ngbrx,nan
nan,zwininverandering.xn--node,nan
nan,zwininverandering.xn--fiqs8s,nan
nan,herstappe.ph,nan
nan,herstappe.vg,nan
nan,herstappe.ws,nan
nan,herstappe.xn--fiqz9s,nan
nan,herstappe.xn--ngbrx,nan
nan,herstappe.xn--node,nan
nan,herstappe.xn--fiqs8s,nan
nan,1782.org,nan
nan,act.sa,nan
nan,agii.site,nan
nan,agiv.click,nan
nan,alleskan.de,nan
nan,antwerpen.es,nan
nan,antwerpen.xyz,nan
nan,apk.boutique,nan
nan,architectuur.photos,nan
nan,arco.si,nan
nan,arco.studio,nan
nan,awis.ai,nan
nan,bluedeal.xyz,nan
nan,boom.cheap,nan
nan,bree.au,nan
nan,bree.lol,nan
nan,bruxelles.art,nan
nan,btc.dating,nan
nan,btc.cc,nan
nan,btc.flights,nan
nan,btc.now,nan
nan,btc.tg,nan
nan,btc.voto,nan
nan,canvas.ai,nan
nan,cib.bank,nan
nan,citycard.org,nan
nan,clw.lighting,nan
nan,co2n.shop,nan
nan,co7.cn,nan
nan,collections.now,nan
nan,collections.supply,nan
nan,coltd.vn,nan
nan,competent.digital,nan
nan,crowdfunding.bar,nan
nan,crowdfunding.house,nan
nan,cvo.solutions,nan
nan,d09.cn,nan
nan,data.li,nan
nan,data.show,nan
nan,data.sx,nan
nan,design.coupons,nan
nan,design.fast,nan
nan,digitalfuture.eu,nan
nan,ding.media,nan
nan,ding.wiki,nan
nan,district.boutique,nan
nan,district.guide,nan
nan,dma.pub,nan
nan,dna.coach,nan
nan,dna.finance,nan
nan,dna.pics,nan
nan,dna.rip,nan
nan,doeners.de,nan
nan,economie.site,nan
nan,essen.ca,nan
nan,essen.mom,nan
nan,eureka.ao,nan
nan,event.bj,nan
nan,event.cl,nan
nan,event.lat,nan
nan,fair.ad,nan
nan,fair.asia,nan
nan,fair.club,nan
nan,fairtrade.ngo,nan
nan,fairtrade.ong,nan
nan,fenb.info,nan
nan,festivals.codes,nan
nan,fietsen.cfd,nan
nan,fietssnelweg.nl,nan
nan,filmgear.de,nan
nan,flanders.cn,nan
nan,flaris.in,nan
nan,fomu.xyz,nan
nan,foresight.buzz,nan
nan,foresight.energy,nan
nan,gent.network,nan
nan,gias.group,nan
nan,gis.vip,nan
nan,greencapital.ca,nan
nan,halen.store,nan
nan,ham.ma,nan
nan,herne.net,nan
nan,horeca.sa,nan
nan,horeca.space,nan
nan,igo.vip,nan
nan,inbo.work,nan
nan,info.fo,nan
nan,invest.cd,nan
nan,invest.codes,nan
nan,invest.quest,nan
nan,invest.sarl,nan
nan,invest.ren,nan
nan,invest.singles,nan
nan,kidz.hr,nan
nan,kmska.cn,nan
nan,koc.mom,nan
nan,levelup.am,nan
nan,levelup.mk,nan
nan,levelup.soccer,nan
nan,levelup.vc,nan
nan,lez.bar,nan
nan,limburg.xyz,nan
nan,lmis.site,nan
nan,maasmechelen.de,nan
nan,mandala.nyc,nan
nan,marcopolo.asia,nan
nan,mas.codes,nan
nan,mas.rip,nan
nan,mbz.uk,nan
nan,melle.asia,nan
nan,mia.win,nan
nan,midwest.app,nan
nan,midwest.fund,nan
nan,mintus.life,nan
nan,mobiscan.rw,nan
nan,mobiscore.net,nan
nan,mol.ai,nan
nan,mol.cc,nan
nan,mol.services,nan
nan,momu.cc,nan
nan,musea.ch,nan
nan,myfocus.co,nan
nan,ndp.ro,nan
nan,octopus.gold,nan
nan,okan.group,nan
nan,oog.bet,nan
nan,oog.coach,nan
nan,opendata.click,nan
nan,opendata.now,nan
nan,oris.ltd,nan
nan,otter.markets,nan
nan,peer.bike,nan
nan,project.careers,nan
nan,project.lat,nan
nan,project.show,nan
nan,provant.ai,nan
nan,provant.de,nan
nan,psyche.forum,nan
nan,pza.app,nan
nan,pza.asia,nan
nan,rabot.no,nan
nan,rabot.se,nan
nan,radio1.pl,nan
nan,regent.biz,nan
nan,regent.inc,nan
nan,regent.media,nan
nan,regent.pk,nan
nan,regent.si,nan
nan,regent.tech,nan
nan,reg.tatar,nan
nan,registry.care,nan
nan,rslt.xyz,nan
nan,rto.ge,nan
nan,schelle.co,nan
nan,sint-pieters-leeuw.com,nan
nan,smak.uk,nan
nan,soundslike.de,nan
nan,sportdb.de,nan
nan,sport.lat,nan
nan,sport.tw,nan
nan,stad.live,nan
nan,stad.me,nan
nan,stadsmagazijn.nl,nan
nan,stadsontwikkeling.nl,nan
nan,stam.ar,nan
nan,starterswijzer.nl,nan
nan,startup.fail,nan
nan,tandarts.amsterdam,nan
nan,telenet.contact,nan
nan,telenet.ltd,nan
nan,telenet.uk,nan
nan,thisis.link,nan
nan,thuis.online,nan
nan,thuis.shop,nan
nan,vea.land,nan
nan,vera.cafe,nan
nan,vera.onl,nan
nan,vipschool.de,nan
nan,visit.tours,nan
nan,vito.rent,nan
nan,vlaanderen.tv,nan
nan,vlaanderen.xyz,nan
nan,vlam.chat,nan
nan,vmm.jp,nan
nan,vnr.rw,nan
nan,volkshuisvesting.sr,nan
nan,vrt.baby,nan
nan,waregem.org,nan
nan,werken.co,nan
nan,wetakecare.pk,nan
nan,zpw.eu,nan
nan,zpw.sk,nan
nan,zwin.games,nan
nan,antidoping.eu,nan
nan,antwerp.ru,nan
nan,antwerp.vc,nan
nan,aquafin.online,nan
nan,autodiscover.me,nan
nan,beqi.io,nan
nan,boom.financial,nan
nan,boom.london,nan
nan,btc.exposed,nan
nan,btc.photography,nan
nan,btc.watch,nan
nan,cib.bo,nan
nan,crowdfunding.ge,nan
nan,cscope.io,nan
nan,cta.amsterdam,nan
nan,data.photography,nan
nan,dcsg.cn,nan
nan,design.beer,nan
nan,design.credit,nan
nan,design.ltd,nan
nan,district.al,nan
nan,district.id,nan
nan,dna.brussels,nan
nan,drinkwater.io,nan
nan,ehorizon.cz,nan
nan,eureka.xin,nan
nan,evrt.nl,nan
nan,expoo.homes,nan
fair,fair.lol,2025-12-08 06:02:23
fair,fair.med,2025-12-08 06:02:23
fdfa,fdfa.xyz,2025-12-08 06:06:36
flexlab,flexlab.cloud,2025-12-08 06:29:11
fomu,fomu.vip,2025-12-08 06:31:27
fons,fons.nu,2025-12-08 06:31:44
foresight,foresight.community,2025-12-08 06:33:04
foresight,foresight.fan,2025-12-08 06:33:05
foresight,foresight.team,2025-12-08 06:33:12
gias,gias.pro,2025-12-08 07:10:03
gpedia,gpedia.io,2025-12-08 07:15:58
haviland,haviland.ai,2025-12-08 07:41:22
hinder,hinder.website,2025-12-08 08:03:54
hoppin,hoppin.top,2025-12-08 08:12:10
horeca,horeca.now,2025-12-08 08:12:59
hove,hove.pl,2025-12-08 08:16:12
inbo,inbo.cz,2025-12-08 08:48:10
info,info.hn,2025-12-08 08:51:31
info,info.law,2025-12-08 08:51:33
invest,invest.ac,2025-12-08 09:01:39
invest,invest.cat,2025-12-08 09:01:40
invest,invest.wtf,2025-12-08 09:01:49
km,km.xyz,2025-12-08 09:44:07
kns,kns.how,2025-12-08 09:47:53
kns,kns.tokyo,2025-12-08 09:48:02
koc,koc.info,2025-12-08 09:48:34
landen,landen.info,2025-12-08 10:19:40
levelup,levelup.sg,2025-12-08 10:34:49
lifewatch,lifewatch.io,2025-12-08 10:43:29
lint,lint.uk,2025-12-08 10:45:28
linter,linter.icu,2025-12-08 10:45:47
lp,lp.cool,2025-12-08 10:53:54
lrm,lrm.fi,2025-12-08 10:54:19
lucht,lucht.info,2025-12-08 10:55:30
marcopolo,marcopolo.ink,2025-12-08 11:06:28
mia,mia.taxi,2025-12-08 11:27:39
millibase,millibase.com,2025-12-08 11:45:31
mindgate,mindgate.co,2025-12-08 11:52:50
mol,mol.properties,2025-12-08 12:01:19
mrcc,mrcc.ir,2025-12-08 12:06:27
mscore,mscore.site,2025-12-08 12:06:55
msk,msk.directory,2025-12-08 12:07:02
msk,msk.xn--fiqz9s,2025-12-08 12:07:14
mtil,mtil.xyz,2025-12-08 12:08:48
myfocus,myfocus.center,2025-12-08 12:18:09
nightlife,nightlife.ie,2025-12-08 12:38:34
novaplus,novaplus.io,2025-12-08 12:41:44
novaplus,novaplus.one,2025-12-08 12:41:48
obac,obac.cn,2025-12-08 12:42:05
octopus,octopus.name,2025-12-08 15:03:46
okan,okan.pro,2025-12-08 15:04:08
olen,olen.mobi,2025-12-08 15:04:32
oog,oog.cz,2025-12-08 15:19:22
paulo,paulo.fast,2025-12-08 15:48:03
paulo,paulo.uk,2025-12-08 15:48:12
peer,peer.al,2025-12-08 15:49:58
peer,peer.pk,2025-12-08 15:50:09
peer,peer.xyz,2025-12-08 15:50:17
permeke,permeke.com,2025-12-08 15:51:34
polis,polis.in,2025-12-08 16:05:13
polis,polis.ovh,2025-12-08 16:05:18
project,project.asia,2025-12-08 16:14:33
project,project.wtf,2025-12-08 16:14:52
prtr,prtr.uz,2025-12-08 16:27:48
psyche,psyche.computer,2025-12-08 16:27:58
publiq,publiq.dk,2025-12-08 16:28:22
radio1,radio1.uno,2025-12-08 16:50:32
romy,romy.fish,2025-12-08 17:09:35
rto,rto.ar,2025-12-08 17:14:29
rto,rto.world,2025-12-08 17:14:51
sodi,sodi.dev,2025-12-08 18:14:41
soundslike,soundslike.io,2025-12-08 18:18:13
stad,stad.xin,2025-12-08 18:28:06
startup,startup.ee,2025-12-08 18:40:56
startup,startup.events,2025-12-08 18:40:56
topdesk,topdesk.io,2025-12-08 19:20:18
vea,vea.world,2025-12-08 19:43:43
vera,vera.pet,2025-12-08 19:47:53
vera,vera.shopping,2025-12-08 19:47:55
vera,vera.vet,2025-12-08 19:47:58
visit,visit.education,2025-12-08 20:02:43
visit,visit.quest,2025-12-08 20:02:48
visit,visit.support,2025-12-08 20:02:51
vlaanderen,vlaanderen.org,2025-12-08 20:28:30
vliz,vliz.top,2025-12-08 20:41:25
vnr,vnr.im,2025-12-08 20:44:56
wellen,wellen.io,2025-12-08 21:19:37
wisa,wisa.ma,2025-12-08 21:42:42
zone1,zone1.xyz,2025-12-08 22:20:18
